{
  "part_a": {
    "L0": 512,
    "N": 1023,
    "n_layers": 10,
    "ball_growth": [
      1.0,
      4.0,
      9.0,
      16.0,
      26.0,
      40.0,
      60.0,
      88.0,
      128.0,
      182.0,
      253.0,
      347.0,
      471.0,
      623.0,
      799.0,
      959.0,
      1023.0
    ],
    "r2_ball_exponential": 0.9824629020349137,
    "r2_ball_power": 0.9615648566381867,
    "ball_points_fitted": 12,
    "hyperbolic_wins": true,
    "diameter_scaling": [
      {
        "L0": 256,
        "N": 511,
        "diameter": 14
      },
      {
        "L0": 512,
        "N": 1023,
        "diameter": 16
      },
      {
        "L0": 1024,
        "N": 2047,
        "diameter": 18
      },
      {
        "L0": 2048,
        "N": 4095,
        "diameter": 20
      }
    ],
    "dimension_slope": 0.17122774759273288,
    "control_flat_r2_exp": 0.9463006409034095,
    "control_flat_r2_pow": 0.9965368279336315,
    "control_flat_power_wins": true,
    "control_flat_dimension_slope": 0.5030186335945975,
    "method_discriminates": true,
    "radial_distance_per_octave": [
      0,
      1,
      2,
      3,
      4,
      5,
      6,
      7,
      8,
      9
    ],
    "radial_increases_with_octave": true,
    "tautological_note": "diameter~log(N), boundary~log(sep) and radial=layer are CONSEQUENCES of the binary tree, not discoveries. The discriminating evidence is the dimension slope (hierarchy~0 vs flat~0.5) and ball-growth model validated against the flat control."
  },
  "part_b": {
    "N": 64,
    "eps": 0.02,
    "turns": 8,
    "symmetric_closure_displacement": 3.108903251294151e-15,
    "symmetric_radius_spread": 3.1086244689504383e-15,
    "closes_when_symmetric": true,
    "logradius_slope": 0.019802627296179695,
    "logradius_slope_expected": 0.01980262729617973,
    "progresses_when_asymmetric": true,
    "per_turn_logradius_advance": [
      1.2673681469554998,
      1.2673681469555003,
      1.2673681469555018,
      1.2673681469555,
      1.2673681469555005,
      1.2673681469555005,
      1.2673681469554996,
      1.2673681469554996
    ],
    "advance_constant_relstd": 5.328540906355428e-16,
    "eps_for_one_octave_per_turn": 0.010889286051700475,
    "log2radius_per_turn": [
      0.0,
      0.9999999999999956,
      1.999999999999992,
      2.999999999999988,
      3.999999999999985,
      4.999999999999981
    ],
    "octave_increments_per_turn": [
      0.9999999999999956,
      0.9999999999999964,
      0.999999999999996,
      0.9999999999999969,
      0.9999999999999964
    ],
    "one_octave_per_turn": true
  },
  "part_c": {
    "L0": 512,
    "N": 1023,
    "connected": true,
    "layer_sizes_radial": [
      512,
      256,
      128,
      64,
      32,
      16,
      8,
      4,
      2,
      1
    ],
    "boundary_separations": [
      1,
      2,
      4,
      8,
      16,
      32,
      64,
      128,
      256
    ],
    "boundary_distance": [
      1,
      2,
      4,
      6,
      8,
      10,
      12,
      14,
      16
    ],
    "r2_boundary_vs_log_separation": 0.9972332015810277,
    "r2_boundary_vs_linear_separation": 0.6986119018720762,
    "boundary_distance_is_logarithmic": true,
    "radial_distance_per_octave": [
      0,
      1,
      2,
      3,
      4,
      5,
      6,
      7,
      8,
      9
    ]
  },
  "part_d": {
    "rg_halving_matches_radial": true,
    "note": "Each fold layer halves the dof (RG step) and is one radial shell of the hierarchy; boundary distance ~ log(separation) has the SAME FORM as Ryu-Takayanagi (geodesic through the bulk), but here it is a tautological tree-path property, so the correspondence is STRUCTURAL ANALOGY (interpretive/speculative), not a quantitative proof -- and flat real space still needs a 2-cell.",
    "claim_tier": "interpretive/speculative"
  }
}