{
  "experiment": "e049_field_slow_field_basin",
  "frontier": "P07",
  "rung": "S1",
  "role": "S",
  "status": "GREEN",
  "frozen": {
    "tau": 10.0,
    "Ds": 0.5,
    "dt": 0.05,
    "g_on": 0.6,
    "alpha_hi": 0.6,
    "alpha_lo": -0.6,
    "n_alpha": 13,
    "settle": 400
  },
  "config": {
    "L": 48,
    "K": 300
  },
  "area_on": 0.5095,
  "area_off": 0.1997,
  "hysteresis_excess": 0.3098,
  "retain_on": 0.1751,
  "retain_off": 0.0207,
  "retain_gain": 0.1545,
  "memory_lag_on": 0.0291,
  "energy_max": 387.8374569385745,
  "energy_ok": true,
  "not_copy": true,
  "verdict": "slow_field_basin_memory_candidate",
  "matched_control": "g=0 OFF, same alpha grid / seeds / steps / dt (memory = ON excess over OFF)",
  "on_curves": {
    "area": 0.509092816589167,
    "retain": 0.17207813727067886,
    "memory_lag": 0.029544631490206065,
    "energy_max": 232.43564449496776,
    "down": [
      0.0,
      0.0,
      0.0,
      0.0,
      0.0001,
      0.0242,
      0.1721,
      0.3804,
      0.5942,
      0.7948,
      0.9648,
      1.077,
      1.0832
    ],
    "up": [
      0.0,
      0.0,
      0.0,
      0.0,
      0.0,
      0.0,
      0.0,
      0.0,
      0.0,
      0.0,
      0.0,
      0.0,
      0.0
    ]
  },
  "off_curves": {
    "area": 0.19985879681320004,
    "retain": 0.020481234085737706,
    "memory_lag": 0.00953446926721497,
    "energy_max": 379.2088666161719,
    "down": [
      0.0,
      0.0,
      0.0,
      0.0,
      0.0,
      0.0007,
      0.0205,
      0.0898,
      0.1831,
      0.2804,
      0.3782,
      0.4755,
      0.5704
    ],
    "up": [
      0.0,
      0.0,
      0.0,
      0.0,
      0.0,
      0.0,
      0.0,
      0.0,
      0.0,
      0.0,
      0.0,
      0.0,
      0.0
    ]
  },
  "classification": {
    "slow_field_basin_memory_candidate (S)": true,
    "common_attractor_relaxation_candidate (null)": false,
    "memory_copy_collapse": false,
    "energy_instability": false,
    "partial": false
  },
  "thresholds": {
    "margin_excess": 0.06,
    "margin_retain": 0.05,
    "copy_lag_min": 0.02,
    "energy_cap": 1000000.0
  }
}