{
  "params": {
    "L": 64,
    "g": 1.0,
    "mu": 1.0,
    "R": 10.0,
    "dtau": 0.05,
    "n_imag": 120,
    "dt": 0.1,
    "n_real": 2000,
    "sample": 50,
    "radius_band": 0.2,
    "axial_margin": 4
  },
  "n_samples": 21,
  "axial_series": [
    31.5,
    31.5,
    30.5,
    29.5,
    28.5,
    27.5,
    26.5,
    25.5,
    24.5,
    24.5,
    23.5,
    22.5,
    22.5,
    21.5,
    21.5,
    20.5,
    20.5,
    20.5,
    19.5,
    18.5,
    17.5
  ],
  "radius_series": [
    10.0,
    10.0,
    10.0,
    10.0,
    10.0,
    10.0,
    10.0,
    10.0,
    10.0,
    10.0,
    10.0,
    11.0,
    10.0,
    11.0,
    11.0,
    11.0,
    11.0,
    11.0,
    11.0,
    11.0,
    11.0
  ],
  "propagation_distance": 14.0,
  "propagation_direction": -1,
  "propagation_monotonic": true,
  "speed_per_step": 0.013333333333333334,
  "radius_mean": 10.428571428571429,
  "radius_min": 10.0,
  "radius_max": 11.0,
  "radius_spread": 1.0,
  "circulation_quantized": true,
  "energy_drift": 1.3886625541996256e-05,
  "norm_drift": 6.850076061937217e-14
}